Model,Accuracy,Precision,Recall,F1-Score,Loss
logistic_regression_model_ML(CDD2).pkl,0.957,0.9769094138543517,0.9482758620689655,0.9623797025371829,0.11007621238661922
svm_model_CDD(final).pkl,0.98,0.9861111111111112,0.9793103448275862,0.9826989619377162,0.0522807381864619
xgboost_model_CDD(final).json,0.723,0.9967213114754099,0.5241379310344828,0.6870056497175141,0.612977899993961
