Model,Accuracy,Precision,Recall,F1-Score,Loss
logistic_regression_model_ML(8001).pkl,0.534,0.7046979865771812,0.5915492957746479,0.6431852986217458,0.7703097432012629
svm_model_UCI(800).pkl,0.475,0.6768642447418738,0.49859154929577465,0.5742092457420924,0.6443681204571455
xgboost_model_ML(800).json,0.591,0.7047619047619048,0.7295774647887324,0.7169550173010382,0.7079542323943416
