Model,Accuracy,Precision,Recall,F1-Score,Loss
logistic_regression_model_ML(8001).pkl,0.8283828382838284,0.8383233532934131,0.8484848484848485,0.8433734939759034,0.45804337691345265
svm_model_UCI(800).pkl,0.6270627062706271,0.6368421052631579,0.7333333333333333,0.6816901408450703,0.6876713100925564
xgboost_model_ML(800).json,0.7260726072607261,0.705,0.8545454545454545,0.7726027397260272,0.5852413621436983
