Model,Accuracy,Precision,Recall,F1-Score,Loss
random_forest.pkl,0.6633663366336634,0.8539325842696629,0.46060606060606063,0.5984251968503937,0.6293879907043732
svm_model.pkl,0.7161716171617162,0.7135135135135136,0.8,0.7542857142857143,0.582592582979116
xgboost_model.json,0.7392739273927392,0.8467741935483871,0.6363636363636364,0.7266435986159169,0.469383454763277
