Model,Accuracy,Precision,Recall,F1-Score,MAE,RMSE,Loss
decision_tree_model_ML(2).pkl,0.814634,0.768595,0.902913,0.830357,0.185366,0.430541,0.877725
knn_model_ML.pkl,0.834146,0.8,0.893204,0.844037,0.165854,0.407251,0.251112
logistic_regression_model_ML.pkl,0.795122,0.756303,0.873786,0.810811,0.204878,0.452635,1.112508
random_forest_model_ML(3).pkl,0.892683,0.840336,0.970874,0.900901,0.107317,0.327593,0.30719
svm_model_ML.pkl,0.682927 ,0.661017,0.757282,0.705882,0.317073,0.563093,1.041199
xgboost_model_ML(3).json,0.858537,0.824561,0.912621,0.866359,0.141463,0.376116,0.278201
