Model,Accuracy,Precision,Recall,F1-Score,Loss
random_forest_model_CDD(CV).pkl,0.974,0.9726962457337884,0.9827586206896551,0.9777015437392795,0.11790687508394111
svm_model_CDD(CV).pkl,0.981,0.9929701230228472,0.9741379310344828,0.9834638816362055,0.05686926790925007
xgboost_model_CDD(no_CV(1)).json,0.926,0.9903100775193798,0.8810344827586207,0.9324817518248175,0.18860201013120156
