Model,Accuracy,Precision,Recall,F1-Score,Loss
random_forest_model_ML.pkl,0.503,0.7169042769857433,0.49577464788732395,0.5861781848459616,0.9596814469565942
svm_model_ML.pkl,0.42,0.6867816091954023,0.33661971830985915,0.4517958412098299,1.0960699659470197
xgboost_model_ML.json,0.384,0.6850393700787402,0.24507042253521127,0.36099585062240663,1.4197224511348614
